{
  "Austria": [],
  "Belgium": [],
  "Ca": [],
  "De": [
    {
      "path": "Call",
      "has_won": 0,
      "has_lost": 0,
      "duration_days": 0.0,
      "path_length": 1.0,
      "count": 3,
      "win_rate": 0.0,
      "score": 0.0,
      "dynamic_weight": 0.0
    },
    {
      "path": "Call -> Call",
      "has_won": 0,
      "has_lost": 0,
      "duration_days": 4.333333333333333,
      "path_length": 2.0,
      "count": 3,
      "win_rate": 0.0,
      "score": 0.0,
      "dynamic_weight": 0.0
    }
  ],
  "Denmark": [],
  "Fr": [
    {
      "path": "Email -> Call -> Email",
      "has_won": 1,
      "has_lost": 0,
      "duration_days": 398.25,
      "path_length": 3.0,
      "count": 4,
      "win_rate": 100.0,
      "score": 2.8853900817779268,
      "dynamic_weight": 2.8853900817779268
    },
    {
      "path": "Meeting -> Email -> Email",
      "has_won": 1,
      "has_lost": 0,
      "duration_days": 2519.0,
      "path_length": 3.0,
      "count": 3,
      "win_rate": 100.0,
      "score": 2.1640425613334453,
      "dynamic_weight": 2.1640425613334453
    },
    {
      "path": "Call",
      "has_won": 0,
      "has_lost": 0,
      "duration_days": 0.0,
      "path_length": 1.0,
      "count": 19,
      "win_rate": 0.0,
      "score": 0.0,
      "dynamic_weight": 0.0
    },
    {
      "path": "Call -> Call",
      "has_won": 0,
      "has_lost": 0,
      "duration_days": 139.42105263157896,
      "path_length": 2.0,
      "count": 19,
      "win_rate": 0.0,
      "score": 0.0,
      "dynamic_weight": 0.0
    },
    {
      "path": "Call -> Email",
      "has_won": 0,
      "has_lost": 0,
      "duration_days": 280.3333333333333,
      "path_length": 2.0,
      "count": 6,
      "win_rate": 0.0,
      "score": 0.0,
      "dynamic_weight": 0.0
    }
  ],
  "Guadeloupe": [],
  "Ireland": [
    {
      "path": "Call",
      "has_won": 0,
      "has_lost": 0,
      "duration_days": 0.0,
      "path_length": 1.0,
      "count": 12,
      "win_rate": 0.0,
      "score": 0.0,
      "dynamic_weight": 0.0
    },
    {
      "path": "Call -> Call",
      "has_won": 0,
      "has_lost": 0,
      "duration_days": 432.6666666666667,
      "path_length": 2.0,
      "count": 3,
      "win_rate": 0.0,
      "score": 0.0,
      "dynamic_weight": 0.0
    },
    {
      "path": "Meeting -> Call",
      "has_won": 0,
      "has_lost": 0,
      "duration_days": 916.3333333333334,
      "path_length": 2.0,
      "count": 3,
      "win_rate": 0.0,
      "score": 0.0,
      "dynamic_weight": 0.0
    }
  ],
  "Italy": [
    {
      "path": "Call",
      "has_won": 0,
      "has_lost": 0,
      "duration_days": 0.0,
      "path_length": 1.0,
      "count": 4,
      "win_rate": 0.0,
      "score": 0.0,
      "dynamic_weight": 0.0
    },
    {
      "path": "Call -> Call",
      "has_won": 0,
      "has_lost": 0,
      "duration_days": 235.0,
      "path_length": 2.0,
      "count": 3,
      "win_rate": 0.0,
      "score": 0.0,
      "dynamic_weight": 0.0
    },
    {
      "path": "Meeting",
      "has_won": 0,
      "has_lost": 0,
      "duration_days": 0.0,
      "path_length": 1.0,
      "count": 5,
      "win_rate": 0.0,
      "score": 0.0,
      "dynamic_weight": 0.0
    }
  ],
  "Luxembourg": [],
  "Netherlands": [],
  "Reunion": [],
  "Switzerland": [],
  "Uk": [
    {
      "path": "1st Appointment -> 2nd Appointment -> Meeting",
      "has_won": 0,
      "has_lost": 0,
      "duration_days": 23.166666666666668,
      "path_length": 3.0,
      "count": 6,
      "win_rate": 0.0,
      "score": 0.0,
      "dynamic_weight": 0.0
    },
    {
      "path": "1st Appointment -> Meeting",
      "has_won": 0,
      "has_lost": 0,
      "duration_days": 54.0,
      "path_length": 2.0,
      "count": 13,
      "win_rate": 0.0,
      "score": 0.0,
      "dynamic_weight": 0.0
    },
    {
      "path": "1st Appointment -> Meeting -> Meeting",
      "has_won": 0,
      "has_lost": 0,
      "duration_days": 15.666666666666666,
      "path_length": 3.0,
      "count": 3,
      "win_rate": 0.0,
      "score": 0.0,
      "dynamic_weight": 0.0
    },
    {
      "path": "1st Appointment -> Meeting -> Meeting -> Review",
      "has_won": 0,
      "has_lost": 0,
      "duration_days": 422.3333333333333,
      "path_length": 4.0,
      "count": 3,
      "win_rate": 0.0,
      "score": 0.0,
      "dynamic_weight": 0.0
    },
    {
      "path": "2nd Appointment -> Meeting",
      "has_won": 0,
      "has_lost": 0,
      "duration_days": 74.66666666666667,
      "path_length": 2.0,
      "count": 3,
      "win_rate": 0.0,
      "score": 0.0,
      "dynamic_weight": 0.0
    }
  ],
  "Us": [
    {
      "path": "Inbound Call -> Email",
      "has_won": 2,
      "has_lost": 0,
      "duration_days": 195.75757575757575,
      "path_length": 2.0,
      "count": 66,
      "win_rate": 100.0,
      "score": 60.07578895737127,
      "dynamic_weight": 60.07578895737127
    },
    {
      "path": "Email -> Email",
      "has_won": 8,
      "has_lost": 18,
      "duration_days": 228.60109289617486,
      "path_length": 2.0,
      "count": 183,
      "win_rate": 30.76923076923077,
      "score": 51.25347029929578,
      "dynamic_weight": 51.25347029929578
    },
    {
      "path": "Email",
      "has_won": 3,
      "has_lost": 23,
      "duration_days": 0.0,
      "path_length": 1.0,
      "count": 307,
      "win_rate": 11.538461538461538,
      "score": 51.104697409951356,
      "dynamic_weight": 51.104697409951356
    },
    {
      "path": "Meeting",
      "has_won": 4,
      "has_lost": 8,
      "duration_days": 0.0,
      "path_length": 1.0,
      "count": 91,
      "win_rate": 33.33333333333333,
      "score": 43.76174957363188,
      "dynamic_weight": 43.76174957363188
    },
    {
      "path": "Follow Up",
      "has_won": 2,
      "has_lost": 4,
      "duration_days": 0.0,
      "path_length": 1.0,
      "count": 87,
      "win_rate": 33.33333333333333,
      "score": 41.83815618577993,
      "dynamic_weight": 41.83815618577993
    }
  ]
}