{
  "Austria_MRS": [],
  "Belgium_MRS": [],
  "Ca_Digital": [],
  "Ca_MRS": [],
  "De_MRS": [
    {
      "path": "Call",
      "has_won": 0,
      "has_lost": 0,
      "duration_days": 0.0,
      "path_length": 1.0,
      "count": 3,
      "win_rate": 0.0,
      "score": 0.0,
      "dynamic_weight": 0.0
    },
    {
      "path": "Call -> Call",
      "has_won": 0,
      "has_lost": 0,
      "duration_days": 4.333333333333333,
      "path_length": 2.0,
      "count": 3,
      "win_rate": 0.0,
      "score": 0.0,
      "dynamic_weight": 0.0
    }
  ],
  "Denmark_MRS": [],
  "Fr_Digital": [],
  "Fr_MRS": [
    {
      "path": "Email -> Call -> Email",
      "has_won": 1,
      "has_lost": 0,
      "duration_days": 398.25,
      "path_length": 3.0,
      "count": 4,
      "win_rate": 100.0,
      "score": 2.8853900817779268,
      "dynamic_weight": 2.8853900817779268
    },
    {
      "path": "Meeting -> Email -> Email",
      "has_won": 1,
      "has_lost": 0,
      "duration_days": 2519.0,
      "path_length": 3.0,
      "count": 3,
      "win_rate": 100.0,
      "score": 2.1640425613334453,
      "dynamic_weight": 2.1640425613334453
    },
    {
      "path": "Call",
      "has_won": 0,
      "has_lost": 0,
      "duration_days": 0.0,
      "path_length": 1.0,
      "count": 17,
      "win_rate": 0.0,
      "score": 0.0,
      "dynamic_weight": 0.0
    },
    {
      "path": "Call -> Call",
      "has_won": 0,
      "has_lost": 0,
      "duration_days": 141.05882352941177,
      "path_length": 2.0,
      "count": 17,
      "win_rate": 0.0,
      "score": 0.0,
      "dynamic_weight": 0.0
    },
    {
      "path": "Call -> Email",
      "has_won": 0,
      "has_lost": 0,
      "duration_days": 280.3333333333333,
      "path_length": 2.0,
      "count": 6,
      "win_rate": 0.0,
      "score": 0.0,
      "dynamic_weight": 0.0
    }
  ],
  "Fr_PLS": [],
  "French Guiana_MRS": [],
  "Guadeloupe_MRS": [],
  "Ireland_MRS": [
    {
      "path": "Call",
      "has_won": 0,
      "has_lost": 0,
      "duration_days": 0.0,
      "path_length": 1.0,
      "count": 12,
      "win_rate": 0.0,
      "score": 0.0,
      "dynamic_weight": 0.0
    },
    {
      "path": "Call -> Call",
      "has_won": 0,
      "has_lost": 0,
      "duration_days": 432.6666666666667,
      "path_length": 2.0,
      "count": 3,
      "win_rate": 0.0,
      "score": 0.0,
      "dynamic_weight": 0.0
    },
    {
      "path": "Meeting -> Call",
      "has_won": 0,
      "has_lost": 0,
      "duration_days": 916.3333333333334,
      "path_length": 2.0,
      "count": 3,
      "win_rate": 0.0,
      "score": 0.0,
      "dynamic_weight": 0.0
    }
  ],
  "Italy_MRS": [
    {
      "path": "Call",
      "has_won": 0,
      "has_lost": 0,
      "duration_days": 0.0,
      "path_length": 1.0,
      "count": 4,
      "win_rate": 0.0,
      "score": 0.0,
      "dynamic_weight": 0.0
    },
    {
      "path": "Call -> Call",
      "has_won": 0,
      "has_lost": 0,
      "duration_days": 235.0,
      "path_length": 2.0,
      "count": 3,
      "win_rate": 0.0,
      "score": 0.0,
      "dynamic_weight": 0.0
    },
    {
      "path": "Meeting",
      "has_won": 0,
      "has_lost": 0,
      "duration_days": 0.0,
      "path_length": 1.0,
      "count": 5,
      "win_rate": 0.0,
      "score": 0.0,
      "dynamic_weight": 0.0
    }
  ],
  "Luxembourg_MRS": [],
  "Martinique_MRS": [],
  "Netherlands_MRS": [],
  "Reunion_MRS": [],
  "Switzerland_MRS": [],
  "Uk_Digital": [],
  "Uk_MRS": [
    {
      "path": "1st Appointment -> 2nd Appointment -> Meeting",
      "has_won": 0,
      "has_lost": 0,
      "duration_days": 23.166666666666668,
      "path_length": 3.0,
      "count": 6,
      "win_rate": 0.0,
      "score": 0.0,
      "dynamic_weight": 0.0
    },
    {
      "path": "1st Appointment -> Meeting",
      "has_won": 0,
      "has_lost": 0,
      "duration_days": 54.0,
      "path_length": 2.0,
      "count": 13,
      "win_rate": 0.0,
      "score": 0.0,
      "dynamic_weight": 0.0
    },
    {
      "path": "1st Appointment -> Meeting -> Meeting",
      "has_won": 0,
      "has_lost": 0,
      "duration_days": 15.666666666666666,
      "path_length": 3.0,
      "count": 3,
      "win_rate": 0.0,
      "score": 0.0,
      "dynamic_weight": 0.0
    },
    {
      "path": "1st Appointment -> Meeting -> Meeting -> Review",
      "has_won": 0,
      "has_lost": 0,
      "duration_days": 422.3333333333333,
      "path_length": 4.0,
      "count": 3,
      "win_rate": 0.0,
      "score": 0.0,
      "dynamic_weight": 0.0
    },
    {
      "path": "2nd Appointment -> Meeting",
      "has_won": 0,
      "has_lost": 0,
      "duration_days": 74.66666666666667,
      "path_length": 2.0,
      "count": 3,
      "win_rate": 0.0,
      "score": 0.0,
      "dynamic_weight": 0.0
    }
  ],
  "Uk_PLS": [],
  "Us_Digital": [
    {
      "path": "Email -> Email -> Inbound Call -> Inbound Call",
      "has_won": 0,
      "has_lost": 0,
      "duration_days": 98.0,
      "path_length": 4.0,
      "count": 3,
      "win_rate": 0.0,
      "score": 0.0,
      "dynamic_weight": 0.0
    },
    {
      "path": "Inbound Call -> Inbound Call",
      "has_won": 0,
      "has_lost": 0,
      "duration_days": 0.0,
      "path_length": 2.0,
      "count": 3,
      "win_rate": 0.0,
      "score": 0.0,
      "dynamic_weight": 0.0
    },
    {
      "path": "Inbound Call -> Inbound Call -> Inbound Call -> Inbound Call",
      "has_won": 0,
      "has_lost": 0,
      "duration_days": 373.4,
      "path_length": 4.0,
      "count": 5,
      "win_rate": 0.0,
      "score": 0.0,
      "dynamic_weight": 0.0
    }
  ],
  "Us_MRS": [
    {
      "path": "Inbound Call -> Email",
      "has_won": 2,
      "has_lost": 0,
      "duration_days": 205.5483870967742,
      "path_length": 2.0,
      "count": 62,
      "win_rate": 100.0,
      "score": 56.434832050863925,
      "dynamic_weight": 56.434832050863925
    },
    {
      "path": "Email",
      "has_won": 3,
      "has_lost": 23,
      "duration_days": 0.0,
      "path_length": 1.0,
      "count": 304,
      "win_rate": 11.538461538461538,
      "score": 50.60530297272056,
      "dynamic_weight": 50.60530297272056
    },
    {
      "path": "Email -> Email",
      "has_won": 8,
      "has_lost": 18,
      "duration_days": 232.87709497206703,
      "path_length": 2.0,
      "count": 179,
      "win_rate": 30.76923076923077,
      "score": 50.13317586652428,
      "dynamic_weight": 50.13317586652428
    },
    {
      "path": "Follow Up",
      "has_won": 2,
      "has_lost": 4,
      "duration_days": 0.0,
      "path_length": 1.0,
      "count": 85,
      "win_rate": 33.33333333333333,
      "score": 40.87635949185396,
      "dynamic_weight": 40.87635949185396
    },
    {
      "path": "Email -> Inbound Call",
      "has_won": 1,
      "has_lost": 1,
      "duration_days": 574.3793103448276,
      "path_length": 2.0,
      "count": 87,
      "win_rate": 50.0,
      "score": 39.59540635826743,
      "dynamic_weight": 39.59540635826743
    }
  ],
  "Us_PLS": [
    {
      "path": "Email -> Inbound Call",
      "has_won": 0,
      "has_lost": 0,
      "duration_days": 351.6666666666667,
      "path_length": 2.0,
      "count": 3,
      "win_rate": 0.0,
      "score": 0.0,
      "dynamic_weight": 0.0
    },
    {
      "path": "Inbound Call",
      "has_won": 0,
      "has_lost": 0,
      "duration_days": 0.0,
      "path_length": 1.0,
      "count": 5,
      "win_rate": 0.0,
      "score": 0.0,
      "dynamic_weight": 0.0
    },
    {
      "path": "Inbound Call -> Email",
      "has_won": 0,
      "has_lost": 0,
      "duration_days": 44.0,
      "path_length": 2.0,
      "count": 4,
      "win_rate": 0.0,
      "score": 0.0,
      "dynamic_weight": 0.0
    }
  ]
}