{
  "Digital": [
    {
      "path": "Email -> Email -> Inbound Call -> Inbound Call",
      "has_won": 0,
      "has_lost": 0,
      "duration_days": 98.0,
      "path_length": 4.0,
      "count": 3,
      "win_rate": 0.0,
      "score": 0.0,
      "dynamic_weight": 0.0
    },
    {
      "path": "Inbound Call -> Inbound Call",
      "has_won": 0,
      "has_lost": 0,
      "duration_days": 0.0,
      "path_length": 2.0,
      "count": 3,
      "win_rate": 0.0,
      "score": 0.0,
      "dynamic_weight": 0.0
    },
    {
      "path": "Inbound Call -> Inbound Call -> Inbound Call -> Inbound Call",
      "has_won": 0,
      "has_lost": 0,
      "duration_days": 373.4,
      "path_length": 4.0,
      "count": 5,
      "win_rate": 0.0,
      "score": 0.0,
      "dynamic_weight": 0.0
    }
  ],
  "MRS": [
    {
      "path": "Email -> Email",
      "has_won": 8,
      "has_lost": 18,
      "duration_days": 224.98275862068965,
      "path_length": 2.0,
      "count": 522,
      "win_rate": 30.76923076923077,
      "score": 146.19842347667975,
      "dynamic_weight": 146.19842347667975
    },
    {
      "path": "Email",
      "has_won": 3,
      "has_lost": 24,
      "duration_days": 0.0,
      "path_length": 1.0,
      "count": 804,
      "win_rate": 11.11111111111111,
      "score": 128.88075698608074,
      "dynamic_weight": 128.88075698608074
    },
    {
      "path": "Follow Up",
      "has_won": 2,
      "has_lost": 4,
      "duration_days": 0.0,
      "path_length": 1.0,
      "count": 152,
      "win_rate": 33.33333333333333,
      "score": 73.09654873837414,
      "dynamic_weight": 73.09654873837414
    },
    {
      "path": "Inbound Call -> Email",
      "has_won": 2,
      "has_lost": 0,
      "duration_days": 205.5483870967742,
      "path_length": 2.0,
      "count": 62,
      "win_rate": 100.0,
      "score": 56.434832050863925,
      "dynamic_weight": 56.434832050863925
    },
    {
      "path": "Meeting",
      "has_won": 3,
      "has_lost": 8,
      "duration_days": 0.0,
      "path_length": 1.0,
      "count": 141,
      "win_rate": 27.27272727272727,
      "score": 55.47818202691196,
      "dynamic_weight": 55.47818202691196
    }
  ],
  "PLS": [
    {
      "path": "Call",
      "has_won": 0,
      "has_lost": 0,
      "duration_days": 0.0,
      "path_length": 1.0,
      "count": 3,
      "win_rate": 0.0,
      "score": 0.0,
      "dynamic_weight": 0.0
    },
    {
      "path": "Email -> Inbound Call",
      "has_won": 0,
      "has_lost": 0,
      "duration_days": 351.6666666666667,
      "path_length": 2.0,
      "count": 3,
      "win_rate": 0.0,
      "score": 0.0,
      "dynamic_weight": 0.0
    },
    {
      "path": "Inbound Call",
      "has_won": 0,
      "has_lost": 0,
      "duration_days": 0.0,
      "path_length": 1.0,
      "count": 5,
      "win_rate": 0.0,
      "score": 0.0,
      "dynamic_weight": 0.0
    },
    {
      "path": "Inbound Call -> Email",
      "has_won": 0,
      "has_lost": 0,
      "duration_days": 44.0,
      "path_length": 2.0,
      "count": 4,
      "win_rate": 0.0,
      "score": 0.0,
      "dynamic_weight": 0.0
    }
  ]
}